<?xml version="1.0" encoding="UTF-8" ?>
<!DOCTYPE mapper PUBLIC "-//mybatis.org//DTD Mapper 3.0//EN" "https://mybatis.org/dtd/mybatis-3-mapper.dtd">
<mapper namespace="com.kh.diamelo.mappers.CompanyMapper">

    <resultMap id="User_InfoResult" type="UserInfo">
        <result column="USER_ID" property="userId"/>
        <result column="JOB_CODE" property="jobCode"/>
        <result column="DEPT_CODE" property="deptCode"/>
        <result column="USER_PWD" property="userPwd"/>
        <result column="COMPANY_NAME" property="companyName"/>
        <result column="USER_NAME" property="userName"/>
        <result column="PHONE" property="phone"/>
        <result column="EMAIL" property="email"/>
        <result column="ENROLL_DATE" property="enrollDate"/>
        <result column="MODIFY_DATE" property="modifyDate"/>
        <result column="STATUS" property="status"/>
        <result column="USER_DELETED" property="userDeleted"/>
    </resultMap>

    <!--  거래관리 페이징을 위한 거래처 상태가 Y인 총 회사 수  -->
    <select id="selectCompanySuccessCount" resultType="_int">
        SELECT COUNT(*)
        FROM USER_INFO
        WHERE JOB_CODE = 'J0'
        AND STATUS = 'Y'
        AND USER_DELETED = 'N'
    </select>

    <!--  거래관리 페이지에 기업명, 대표자명, 연락처, 이메일을 테이블에서 찾아옴  -->
    <select id="selectCompanyList" resultMap="User_InfoResult">
        SELECT COMPANY_NAME, USER_NAME, PHONE, EMAIL
        FROM USER_INFO
        WHERE JOB_CODE = 'J0' AND STATUS = 'Y' AND USER_DELETED = 'N'
        ORDER BY ENROLL_DATE DESC
    </select>

    <!--  거래관리 관리자용 페이지에서 모든 거래처의 총 수  -->
    <select id="selectCompanyReadyCount" resultType="_int">
        SELECT COUNT(*)
        FROM USER_INFO
        WHERE JOB_CODE = 'J0' AND USER_DELETED = 'N'
    </select>

    <!--  거래관리 관리자용 페이지에서 모든 거래처를 찾아옴  -->
    <select id="selectAllList" resultMap="User_InfoResult">
        SELECT COMPANY_NAME, USER_NAME, PHONE, EMAIL, STATUS, USER_ID
        FROM USER_INFO
        WHERE JOB_CODE = 'J0' AND USER_DELETED = 'N'
        ORDER BY ENROLL_DATE DESC
    </select>

    <!--  거래처 조건 검색 후 거래처 수 -->
    <select id="selectCompanyDetailCount" resultType="_int">
        SELECT COUNT(*)
        FROM USER_INFO
        WHERE JOB_CODE = 'J0'
            AND STATUS = 'Y' AND USER_DELETED = 'N'
        <if test="companyName != null and companyName != ''">
            AND COMPANY_NAME LIKE '%' || #{companyName} || '%'
        </if>
        <if test="userName != null and userName != ''">
            AND USER_NAME LIKE '%' || #{userName} || '%'
        </if>
    </select>

    <!-- 거래처 조건 검색 -->
    <select id="selectCompanyDetailList" resultMap="User_InfoResult">
        SELECT COMPANY_NAME, USER_NAME, PHONE, EMAIL
        FROM USER_INFO
        WHERE JOB_CODE = 'J0'
        AND STATUS = 'Y' AND USER_DELETED = 'N'
        <if test="companyName != null and companyName != ''">
            AND COMPANY_NAME LIKE '%' || #{companyName} || '%'
        </if>
        <if test="userName != null and userName != ''">
            AND USER_NAME LIKE '%' || #{userName} || '%'
        </if>
        ORDER BY ENROLL_DATE DESC
    </select>

    <!-- 어드민 거래처 관리 페이지 거래처 수 -->
    <select id="selectAdminPageCompanyCount" resultType="_int">
        SELECT COUNT(*)
        FROM USER_INFO
        WHERE JOB_CODE = 'J0' AND USER_DELETED = 'N'
        <if test='type != null and type != "" and type != "A" '>
            AND STATUS = #{type}
        </if>
        <if test="companyName != null and companyName != ''">
            AND COMPANY_NAME LIKE '%' || #{companyName} || '%'
        </if>
        <if test="userName != null and userName != ''">
            AND USER_NAME LIKE '%' || #{userName} || '%'
        </if>
    </select>

    <!-- 어드민 거래처 관리 페이지 조건 검색 -->
    <select id="selectAdminPageDetailList" resultMap="User_InfoResult">
        SELECT COMPANY_NAME, USER_NAME, PHONE, EMAIL, STATUS, USER_ID
        FROM USER_INFO
        WHERE JOB_CODE = 'J0' AND USER_DELETED = 'N'
        <if test='type != null and type != "" and type != "A" '>
            AND STATUS = #{type}
        </if>
        <if test="companyName != null and companyName != ''">
            AND COMPANY_NAME LIKE '%' || #{companyName} || '%'
        </if>
        <if test="userName != null and userName != ''">
            AND USER_NAME LIKE '%' || #{userName} || '%'
        </if>
        ORDER BY ENROLL_DATE DESC
    </select>

    <!--  거래처 관리자 페이지 거래처 승인  -->
    <update id="updateStatusCommit">
        UPDATE USER_INFO
            SET STATUS = 'Y',
            MODIFY_DATE = SYSDATE
        WHERE USER_ID = #{userId}
    </update>

    <!--  거래처 관리자 페이지 거래처 반려  -->
    <update id="updateStatusReturn">
        UPDATE USER_INFO
        SET STATUS = 'N',
        MODIFY_DATE = SYSDATE
        WHERE USER_ID = #{userId}
    </update>

    <!--  거래처 관리자 페이지 거래처 상태 검색  -->
    <select id="selectCompanyStatus" resultMap="User_InfoResult">
        SELECT STATUS
        FROM USER_INFO
        WHERE USER_ID = #{userId}
    </select>

    <!--  거래처 관리자 페이지 거래처 삭제  -->
    <update id="deleteCompany">
        UPDATE USER_INFO
            SET USER_DELETED = 'Y',
            MODIFY_DATE = SYSDATE
        WHERE USER_ID = #{userId}
    </update>
</mapper>