<?xml version="1.0" encoding="UTF-8" ?>
<!DOCTYPE mapper
        PUBLIC "-//mybatis.org//DTD Mapper 3.0//EN"
        "https://mybatis.org/dtd/mybatis-3-mapper.dtd">
<mapper namespace="com.kh.diamelo.mappers.MemberMapper">

    <resultMap id="UserResult" type="UserInfo">
        <result column="USER_ID" property="userId"/>
        <result column="JOB_CODE" property="jobCode"/>
        <result column="DEPT_CODE" property="deptCode"/>
        <result column="USER_PWD" property="userPwd"/>
        <result column="COMPANY_NAME" property="companyName"/>
        <result column="USER_NAME" property="userName"/>
        <result column="PHONE" property="phone"/>
        <result column="EMAIL" property="email"/>
        <result column="ENROLL_DATE" property="enrollDate"/>
        <result column="MODIFY_DATE" property="modifyDate"/>
        <result column="STATUS" property="status"/>
        <result column="USER_DELETED" property="userDeleted"/>
    </resultMap>

    <!-- 회원가입 - 아이디 중복체크 -->
    <select id="idCheck" resultType="_int">
        SELECT COUNT(*)
        FROM USER_INFO
        WHERE USER_ID = #{userId}
    </select>

    <!-- 회원가입 -->
    <insert id="insertMember">
        INSERT
        INTO USER_INFO(
            USER_ID,
            JOB_CODE,
            DEPT_CODE,
            USER_PWD,
            COMPANY_NAME,
            USER_NAME,
            PHONE,
            EMAIL
        ) VALUES(
            #{userId},
            #{jobCode},
            #{deptCode},
            #{userPwd},
            #{companyName},
            #{userName},
            #{phone},
            #{email}
        )
    </insert>

    <!-- 로그인 -->
    <select id="loginMember" resultMap="UserResult">
        SELECT USER_ID,
               JOB_CODE,
               DEPT_CODE,
               USER_PWD,
               COMPANY_NAME,
               USER_NAME,
               PHONE,
               EMAIL,
               ENROLL_DATE,
               MODIFY_DATE,
               STATUS,
               USER_DELETED
        FROM USER_INFO
        WHERE USER_ID = #{userId}
        AND STATUS = 'Y'
        AND USER_DELETED = 'N'
    </select>
    <!-- 개인정보 변경 -->
    <update id="updateMember">
        UPDATE USER_INFO
        SET USER_NAME = #{userName},
            PHONE = #{phone},
            EMAIL = #{email},
            COMPANY_NAME = #{companyName}
        WHERE USER_ID = #{userId}
    </update>

    <!-- 비밀번호 변경 -->
    <update id="upDatePwd">
        UPDATE USER_INFO
        SET USER_PWD = #{newPwd}
        WHERE USER_ID = #{userId}
    </update>

    <!-- 회원 탈퇴 -->
    <update id="deleteMember">
        UPDATE USER_INFO
        SET STATUS = 'N',
        USER_DELETED = 'Y'
        WHERE USER_ID = #{userId}
    </update>
</mapper>